,character,quote,scene,location,view,episode,date,series,file
0,PICARD ,"   Captain's log, stardate 45333.3.   The Enterprise is on its way to   Penthara Four where a type C   asteroid has struck an unpopulated   continent.",1    EXT. SPACE - THE ENTERPRISE (OPTICAL),SPACE - THE ENTERPRISE,EXT.,A Matter of Time,AHHH,The Next Generation,209.txt
1,PICARD ,       The resulting dust cloud could   very well create a phenomenon not   unlike the nuclear winters of   twenty-first-century Earth.   Commander La Forge has begun work   on a plan that would counteract   the devastation.,2    INT. GEORDI'S OFFICE,GEORDI'S OFFICE,INT.,A Matter of Time,AHHH,The Next Generation,209.txt
2,GEORDI,"   I'm afraid the numbers coming in   are already indicating climatic   changes, sir.",2    INT. GEORDI'S OFFICE,GEORDI'S OFFICE,INT.,A Matter of Time,AHHH,The Next Generation,209.txt
3,RIKER,   What kind of drop can we expect?,2    INT. GEORDI'S OFFICE,GEORDI'S OFFICE,INT.,A Matter of Time,AHHH,The Next Generation,209.txt
4,DATA,"   If the Pentharan spheral forecasts   are correct, ten to twelve degrees   Celsius within the first ten days.",2    INT. GEORDI'S OFFICE,GEORDI'S OFFICE,INT.,A Matter of Time,AHHH,The Next Generation,209.txt
5,GEORDI,"   If it continues like that, their   entire ecosystem will be shot   to hell.",2    INT. GEORDI'S OFFICE,GEORDI'S OFFICE,INT.,A Matter of Time,AHHH,The Next Generation,209.txt
6,RIKER,   And I doubt they're prepared to   cope with the kind of cold that's   coming.,2    INT. GEORDI'S OFFICE,GEORDI'S OFFICE,INT.,A Matter of Time,AHHH,The Next Generation,209.txt
7,PICARD,   Commander Riker.,2    INT. GEORDI'S OFFICE,GEORDI'S OFFICE,INT.,A Matter of Time,AHHH,The Next Generation,209.txt
8,RIKER,"       Yes, Captain.",2    INT. GEORDI'S OFFICE,GEORDI'S OFFICE,INT.,A Matter of Time,AHHH,The Next Generation,209.txt
9,PICARD,"   Would you join me on the bridge,   please.",2    INT. GEORDI'S OFFICE,GEORDI'S OFFICE,INT.,A Matter of Time,AHHH,The Next Generation,209.txt
10,RIKER,   On my way.       Let me know if those forecast   numbers change.,2    INT. GEORDI'S OFFICE,GEORDI'S OFFICE,INT.,A Matter of Time,AHHH,The Next Generation,209.txt
11,PICARD,"   Are you certain, Worf?",3    INT. BRIDGE,BRIDGE,INT.,A Matter of Time,AHHH,The Next Generation,209.txt
12,WORF,"   There was a space/time   distortion, sir. And there is   something back there. We passed   within three hundred kilometers   of it.",3    INT. BRIDGE,BRIDGE,INT.,A Matter of Time,AHHH,The Next Generation,209.txt
13,PICARD,   A bit close for coincidence.       Mister La Forge?,3    INT. BRIDGE,BRIDGE,INT.,A Matter of Time,AHHH,The Next Generation,209.txt
14,GEORDI,"   Yes, sir.",3    INT. BRIDGE,BRIDGE,INT.,A Matter of Time,AHHH,The Next Generation,209.txt
15,PICARD,   Would a delay of an hour affect   your plans?,3    INT. BRIDGE,BRIDGE,INT.,A Matter of Time,AHHH,The Next Generation,209.txt
16,GEORDI,"   Not unless another asteroid   decides to pay a call on Penthara,   sir.",4    INT. GEORDI'S OFFICE,GEORDI'S OFFICE,INT.,A Matter of Time,AHHH,The Next Generation,209.txt
17,DATA,"   The odds of that occurring,   Captain, are extremely unlikely,   given the time frame.",4    INT. GEORDI'S OFFICE,GEORDI'S OFFICE,INT.,A Matter of Time,AHHH,The Next Generation,209.txt
18,PICARD,"   Thank you, Mister Data.       Prepare to come about, Ensign.   Let's take a look at Mister Worf's   distortion.",5    INT. BRIDGE - CONTINUOUS,BRIDGE,INT.,A Matter of Time,AHHH,The Next Generation,209.txt
19,ENSIGN,"   Aye, sir.",5    INT. BRIDGE - CONTINUOUS,BRIDGE,INT.,A Matter of Time,AHHH,The Next Generation,209.txt
20,RIKER,   Mister Worf's what?,5    INT. BRIDGE - CONTINUOUS,BRIDGE,INT.,A Matter of Time,AHHH,The Next Generation,209.txt
21,PICARD,"   The Lieutenant's sensors detected   a temporal distortion, Number One,   almost directly on our current   course. There seems to be a small   object back there that wasn't   there a few moments ago.",5    INT. BRIDGE - CONTINUOUS,BRIDGE,INT.,A Matter of Time,AHHH,The Next Generation,209.txt
22,WORF,"   The object is fifty kilometers   ahead, sir.",7    INT. BRIDGE (OPTICAL),BRIDGE,INT.,A Matter of Time,AHHH,The Next Generation,209.txt
23,PICARD,"   Full stop, Ensign.",7    INT. BRIDGE (OPTICAL),BRIDGE,INT.,A Matter of Time,AHHH,The Next Generation,209.txt
24,ENSIGN,"   Aye, sir.",7    INT. BRIDGE (OPTICAL),BRIDGE,INT.,A Matter of Time,AHHH,The Next Generation,209.txt
25,PICARD,   On screen.,7    INT. BRIDGE (OPTICAL),BRIDGE,INT.,A Matter of Time,AHHH,The Next Generation,209.txt
26,RIKER,"   Dimensions, Worf?",7    INT. BRIDGE (OPTICAL),BRIDGE,INT.,A Matter of Time,AHHH,The Next Generation,209.txt
27,WORF,"   Approximately five meters in   length, sir.",7    INT. BRIDGE (OPTICAL),BRIDGE,INT.,A Matter of Time,AHHH,The Next Generation,209.txt
28,PICARD,   Lifesigns?,7    INT. BRIDGE (OPTICAL),BRIDGE,INT.,A Matter of Time,AHHH,The Next Generation,209.txt
29,WORF,"   No signs of any kind, sir.   Sensors are not penetrating its   hull.",7    INT. BRIDGE (OPTICAL),BRIDGE,INT.,A Matter of Time,AHHH,The Next Generation,209.txt
30,PICARD,   Try hailing it.,7    INT. BRIDGE (OPTICAL),BRIDGE,INT.,A Matter of Time,AHHH,The Next Generation,209.txt
31,WORF,    (pushes a series     of buttons)   That's odd.,7    INT. BRIDGE (OPTICAL),BRIDGE,INT.,A Matter of Time,AHHH,The Next Generation,209.txt
32,RIKER,   What's odd?,7    INT. BRIDGE (OPTICAL),BRIDGE,INT.,A Matter of Time,AHHH,The Next Generation,209.txt
33,WORF,"   We've received a response, sir,   but...",7    INT. BRIDGE (OPTICAL),BRIDGE,INT.,A Matter of Time,AHHH,The Next Generation,209.txt
34,PICARD,"       Yes, Mister Worf?",7    INT. BRIDGE (OPTICAL),BRIDGE,INT.,A Matter of Time,AHHH,The Next Generation,209.txt
35,WORF,"   They want you to... ""Move over,""   sir.",7    INT. BRIDGE (OPTICAL),BRIDGE,INT.,A Matter of Time,AHHH,The Next Generation,209.txt
36,PICARD,"    (looks at Riker and then     back at Worf)   Reply that the Enterprise isn't   going anywhere, Lieutenant.",7    INT. BRIDGE (OPTICAL),BRIDGE,INT.,A Matter of Time,AHHH,The Next Generation,209.txt
37,WORF,"   Not the Enterprise, Captain. You.",7    INT. BRIDGE (OPTICAL),BRIDGE,INT.,A Matter of Time,AHHH,The Next Generation,209.txt
38,PICARD,   What are you trying to...,7    INT. BRIDGE (OPTICAL),BRIDGE,INT.,A Matter of Time,AHHH,The Next Generation,209.txt
39,RASMUSSEN,"   Excuse me, Captain, but you were   standing right where I needed to   be.",7    INT. BRIDGE (OPTICAL),BRIDGE,INT.,A Matter of Time,AHHH,The Next Generation,209.txt
40,PICARD,   Who are you?,7    INT. BRIDGE (OPTICAL),BRIDGE,INT.,A Matter of Time,AHHH,The Next Generation,209.txt
41,RASMUSSEN,"   Rasmussen's the name, sir.   Professor Berlinghoff Rasmussen.    (looking around in     amazement)   Ah... this is wonderful.   Actually, quite a bit larger than   I thought.",7    INT. BRIDGE (OPTICAL),BRIDGE,INT.,A Matter of Time,AHHH,The Next Generation,209.txt
42,PICARD,   Really?,7    INT. BRIDGE (OPTICAL),BRIDGE,INT.,A Matter of Time,AHHH,The Next Generation,209.txt
43,RASMUSSEN,"   Where I come from, every historian   knows the bridge of old 1701-D.",7    INT. BRIDGE (OPTICAL),BRIDGE,INT.,A Matter of Time,AHHH,The Next Generation,209.txt
44,PICARD,   And where exactly is it you come   from?,7    INT. BRIDGE (OPTICAL),BRIDGE,INT.,A Matter of Time,AHHH,The Next Generation,209.txt
45,RASMUSSEN,"   Why Earth... late twenty-sixth   century Earth, to be exact. You   see, I've traveled back nearly   three hundred years just to find   you.",7    INT. BRIDGE (OPTICAL),BRIDGE,INT.,A Matter of Time,AHHH,The Next Generation,209.txt
46,PICARD,   Exactly what kind of historian   are you?,8    INT. READY ROOM,READY ROOM,INT.,A Matter of Time,AHHH,The Next Generation,209.txt
47,RASMUSSEN,"    (as he continues to     pace, picking things     up, turning them over)   My focus is on the twenty-second    through the twenty-fourth centuries,   early interstellar history.    (picking up Picard's     Shakespeare volume)   You know, it was always believed   this was on your desk, not here...   Fascinating.    (he turns to Picard,     good naturedly)   Now don't move it on my account.",8    INT. READY ROOM,READY ROOM,INT.,A Matter of Time,AHHH,The Next Generation,209.txt
48,PICARD,   You can't expect me to believe   that the layout of my ready room   is of interest to future   historians...,8    INT. READY ROOM,READY ROOM,INT.,A Matter of Time,AHHH,The Next Generation,209.txt
49,RASMUSSEN,"   No less so than your legendary   modesty, Captain. I wish I could   describe to you what a thrill it   is to be here...    (he stops at the     painting over Picard's     couch)   This is the original, isn't it?",8    INT. READY ROOM,READY ROOM,INT.,A Matter of Time,AHHH,The Next Generation,209.txt
50,PICARD,"   You flatter me Professor, but I   can't help but wonder what could   possibly have caused you to select   me as the subject of your study.   Even in this decade, there are   far wiser and more experienced   Humans both in and out of   Starfleet.",8    INT. READY ROOM,READY ROOM,INT.,A Matter of Time,AHHH,The Next Generation,209.txt
51,RASMUSSEN,"   I'd love to tell you, Picard.   I really would. But try and   imagine what a young Caesar might   have done differently if someone   had given him a hint of what lay   ahead. Or, if Lincoln had been   coerced into changing his theater   plans. I truly wish I could be   more specific on why you were   selected, but I'm afraid the   exchange of information will have   to flow in one direction only.",8    INT. READY ROOM,READY ROOM,INT.,A Matter of Time,AHHH,The Next Generation,209.txt
52,RASMUSSEN,   ...four... five... six... seven   meters. HA! I was right!,8    INT. READY ROOM,READY ROOM,INT.,A Matter of Time,AHHH,The Next Generation,209.txt
53,WORF,   Why now?,9    INT. OBSERVATION LOUNGE,OBSERVATION LOUNGE,INT.,A Matter of Time,AHHH,The Next Generation,209.txt
54,GEORDI,"   Right. If you came back to study   us, to study the captain, why did   you pick today? Why not a year   ago... or a year from now?",9    INT. OBSERVATION LOUNGE,OBSERVATION LOUNGE,INT.,A Matter of Time,AHHH,The Next Generation,209.txt
55,RASMUSSEN,"   Oh, I picked the right day   alright. Just wait, you'll see.     ",9    INT. OBSERVATION LOUNGE,OBSERVATION LOUNGE,INT.,A Matter of Time,AHHH,The Next Generation,209.txt
56,RASMUSSEN ,"       Do you always sit there, on that   side of the table?",9    INT. OBSERVATION LOUNGE,OBSERVATION LOUNGE,INT.,A Matter of Time,AHHH,The Next Generation,209.txt
57,WORF,   Usually. Why?,9    INT. OBSERVATION LOUNGE,OBSERVATION LOUNGE,INT.,A Matter of Time,AHHH,The Next Generation,209.txt
58,RASMUSSEN,    (shakes his head and     smiles)   It's not important.,9    INT. OBSERVATION LOUNGE,OBSERVATION LOUNGE,INT.,A Matter of Time,AHHH,The Next Generation,209.txt
59,RIKER,"   Tell me, Professor, at what point   does time travel become a tool   for historians?",9    INT. OBSERVATION LOUNGE,OBSERVATION LOUNGE,INT.,A Matter of Time,AHHH,The Next Generation,209.txt
60,RASMUSSEN,"   Now, now, Commander. You know   better than that. I've studied   a great deal about your century.   Including the fact that you're   all quite aware of the dangers   of anyone altering the past. And   that's exactly what I'd be doing   if I were to divulge information   like that.",9    INT. OBSERVATION LOUNGE,OBSERVATION LOUNGE,INT.,A Matter of Time,AHHH,The Next Generation,209.txt
61,BEVERLY,   Telurian plague!,9    INT. OBSERVATION LOUNGE,OBSERVATION LOUNGE,INT.,A Matter of Time,AHHH,The Next Generation,209.txt
62,RASMUSSEN,   I beg your pardon?,9    INT. OBSERVATION LOUNGE,OBSERVATION LOUNGE,INT.,A Matter of Time,AHHH,The Next Generation,209.txt
63,BEVERLY,"   Telurian plague... was it cured?   I mean, has it been cured by your   century? There can't be any harm   in asking that.",9    INT. OBSERVATION LOUNGE,OBSERVATION LOUNGE,INT.,A Matter of Time,AHHH,The Next Generation,209.txt
64,PICARD,"   I realize it will be difficult,   but we must all keep our questions   regarding the future to ourselves.   Professor...",9    INT. OBSERVATION LOUNGE,OBSERVATION LOUNGE,INT.,A Matter of Time,AHHH,The Next Generation,209.txt
65,RASMUSSEN,"   I'll be preparing questionnaires   for each of you. Please complete   them at your convenience. If   you're concerned about a possible   breach of security, I'm sure your   captain can make a   determination... And, thank you   in advance for curbing your   curiosity.",9    INT. OBSERVATION LOUNGE,OBSERVATION LOUNGE,INT.,A Matter of Time,AHHH,The Next Generation,209.txt
66,GEORDI,"       If I hand my assignment in on   time, do I get a little glimpse   into next week's poker game?",9    INT. OBSERVATION LOUNGE,OBSERVATION LOUNGE,INT.,A Matter of Time,AHHH,The Next Generation,209.txt
67,PICARD,"   Mister Data, please show the   Professor to his quarters.",9    INT. OBSERVATION LOUNGE,OBSERVATION LOUNGE,INT.,A Matter of Time,AHHH,The Next Generation,209.txt
68,DATA,"       This way, sir.",9    INT. OBSERVATION LOUNGE,OBSERVATION LOUNGE,INT.,A Matter of Time,AHHH,The Next Generation,209.txt
69,RIKER,   What did he mean he picked the   right day?,9    INT. OBSERVATION LOUNGE,OBSERVATION LOUNGE,INT.,A Matter of Time,AHHH,The Next Generation,209.txt
70,PICARD,"   You know everything I do, Will.",9    INT. OBSERVATION LOUNGE,OBSERVATION LOUNGE,INT.,A Matter of Time,AHHH,The Next Generation,209.txt
71,RIKER,   Deanna?,9    INT. OBSERVATION LOUNGE,OBSERVATION LOUNGE,INT.,A Matter of Time,AHHH,The Next Generation,209.txt
72,TROI,   It's hard to tell. But he is   holding something back.,9    INT. OBSERVATION LOUNGE,OBSERVATION LOUNGE,INT.,A Matter of Time,AHHH,The Next Generation,209.txt
73,BEVERLY,       Of course he is. Think of all   the things he could tell us...   all the things he'd like to tell   us...,9    INT. OBSERVATION LOUNGE,OBSERVATION LOUNGE,INT.,A Matter of Time,AHHH,The Next Generation,209.txt
74,TROI,"       That might be it, I don't know.",9    INT. OBSERVATION LOUNGE,OBSERVATION LOUNGE,INT.,A Matter of Time,AHHH,The Next Generation,209.txt
75,RIKER,   How can we be sure he's not an   imposter? God knows we've run   into enough of them.,9    INT. OBSERVATION LOUNGE,OBSERVATION LOUNGE,INT.,A Matter of Time,AHHH,The Next Generation,209.txt
76,PICARD,"   He is Human. Our medical scans   have proved that. Haven't they,   Doctor?",9    INT. OBSERVATION LOUNGE,OBSERVATION LOUNGE,INT.,A Matter of Time,AHHH,The Next Generation,209.txt
77,BEVERLY,"   He's Human, alright.",9    INT. OBSERVATION LOUNGE,OBSERVATION LOUNGE,INT.,A Matter of Time,AHHH,The Next Generation,209.txt
78,PICARD,"   And there was a temporal   distortion back there, correct   Mister Worf?",9    INT. OBSERVATION LOUNGE,OBSERVATION LOUNGE,INT.,A Matter of Time,AHHH,The Next Generation,209.txt
79,WORF,"       Yes, sir.",9    INT. OBSERVATION LOUNGE,OBSERVATION LOUNGE,INT.,A Matter of Time,AHHH,The Next Generation,209.txt
80,PICARD,   And no one can deny that ship of   his is unlike anything we've ever   seen before.,9    INT. OBSERVATION LOUNGE,OBSERVATION LOUNGE,INT.,A Matter of Time,AHHH,The Next Generation,209.txt
81,GEORDI,   The hull is composed of some kind   of plasticized tritanium mesh.   Nothing we have on record... at   least not 'til the present.,9    INT. OBSERVATION LOUNGE,OBSERVATION LOUNGE,INT.,A Matter of Time,AHHH,The Next Generation,209.txt
82,PICARD,"   I appreciate your caution, Mister   Worf. I share it. Have his   vessel brought into a shuttlebay.   Place it under guard.",9    INT. OBSERVATION LOUNGE,OBSERVATION LOUNGE,INT.,A Matter of Time,AHHH,The Next Generation,209.txt
83,WORF,"   Yes, sir.",9    INT. OBSERVATION LOUNGE,OBSERVATION LOUNGE,INT.,A Matter of Time,AHHH,The Next Generation,209.txt
84,PICARD,   I realize this isn't going to   be an easy visit for some of you.     ,9    INT. OBSERVATION LOUNGE,OBSERVATION LOUNGE,INT.,A Matter of Time,AHHH,The Next Generation,209.txt
85,PICARD ,"   Nevertheless, I've reviewed the   Professor's credentials, and   they're in order. So, I'd like   you all to extend him every   courtesy.",9    INT. OBSERVATION LOUNGE,OBSERVATION LOUNGE,INT.,A Matter of Time,AHHH,The Next Generation,209.txt
86,WORF,       Including questionnaires?,9    INT. OBSERVATION LOUNGE,OBSERVATION LOUNGE,INT.,A Matter of Time,AHHH,The Next Generation,209.txt
87,PICARD,   Including questionnaires.   Dismissed.,9    INT. OBSERVATION LOUNGE,OBSERVATION LOUNGE,INT.,A Matter of Time,AHHH,The Next Generation,209.txt
88,RASMUSSEN,"   This is really a thrill, Data.   Like running across a Redstone   missile or a Guttenberg bible.   To think... the Model T of   androids.",10   INT. TURBOLIFT,TURBOLIFT,INT.,A Matter of Time,AHHH,The Next Generation,209.txt
89,DATA,"   If you're referring to the first   production model automobile of   the twentieth century, perhaps the   subsequent Model A might be a more   apt analogy since I am Noonian   Soong's revised prototype.",11   INT. CORRIDOR,CORRIDOR,INT.,A Matter of Time,AHHH,The Next Generation,209.txt
90,RASMUSSEN,   I stand corrected.,11   INT. CORRIDOR,CORRIDOR,INT.,A Matter of Time,AHHH,The Next Generation,209.txt
91,DATA,"   Is there a problem, sir?",12   INT. RASMUSSEN'S QUARTERS,RASMUSSEN'S QUARTERS,INT.,A Matter of Time,AHHH,The Next Generation,209.txt
92,RASMUSSEN,"   I suppose it will have to do, for   now. I'll get you a list of   things I'll be needing. You're   dismissed.",12   INT. RASMUSSEN'S QUARTERS,RASMUSSEN'S QUARTERS,INT.,A Matter of Time,AHHH,The Next Generation,209.txt
93,DATA,"       Would I be correct, Professor,   in assuming that you know whether   or not I am still... alive in   the twenty-sixth century?",12   INT. RASMUSSEN'S QUARTERS,RASMUSSEN'S QUARTERS,INT.,A Matter of Time,AHHH,The Next Generation,209.txt
94,DATA,    (continuing his line     of questioning)   Since you seemed to know so much   about Captain Picard and the   ship... I assumed that you   would...,12   INT. RASMUSSEN'S QUARTERS,RASMUSSEN'S QUARTERS,INT.,A Matter of Time,AHHH,The Next Generation,209.txt
95,RASMUSSEN,"       It would be best if you kept your   assumptions to yourself, wouldn't   it?",12   INT. RASMUSSEN'S QUARTERS,RASMUSSEN'S QUARTERS,INT.,A Matter of Time,AHHH,The Next Generation,209.txt
96,DATA,"   Yes, sir. I am sorry, sir.",12   INT. RASMUSSEN'S QUARTERS,RASMUSSEN'S QUARTERS,INT.,A Matter of Time,AHHH,The Next Generation,209.txt
97,PICARD ,"   Captain's log, stardate 45334.5.   We have arrived at Penthara   Four...",13   EXT. SPACE - THE ENTERPRISE (OPTICAL),SPACE - THE ENTERPRISE,EXT.,A Matter of Time,AHHH,The Next Generation,209.txt
98,PICARD ,       ... and can see for ourselves the   atmospheric devastation caused   by the asteroid impact.,14   EXT. SPACE - ANOTHER ANGLE (OPTICAL),SPACE - ANOTHER ANGLE,EXT.,A Matter of Time,AHHH,The Next Generation,209.txt
99,PICARD,"   We've located three underground   pockets of carbon dioxide...   here, here and here. Our drilling   phasers can release enough of the   gas to form an envelope which   would temporarily hold in the heat   from the sun.",16   INT. PENTHARA SCIENCE LAB,PENTHARA SCIENCE LAB,INT.,A Matter of Time,AHHH,The Next Generation,209.txt
100,MOSELEY,"       We spend years, decades trying   to avoid anything that would lead   to a greenhouse effect and here   we are about to create one on   purpose.",16   INT. PENTHARA SCIENCE LAB,PENTHARA SCIENCE LAB,INT.,A Matter of Time,AHHH,The Next Generation,209.txt
101,GEORDI,"   Less than twenty percent of your   normal sunlight is getting through   that dust, Doctor. If we can hold   enough heat in with the CO2, it   should give the planet time to   mend itself.",16   INT. PENTHARA SCIENCE LAB,PENTHARA SCIENCE LAB,INT.,A Matter of Time,AHHH,The Next Generation,209.txt
102,FEMALE,   Doctor Moseley.,16   INT. PENTHARA SCIENCE LAB,PENTHARA SCIENCE LAB,INT.,A Matter of Time,AHHH,The Next Generation,209.txt
103,MOSELEY,       What now?,16   INT. PENTHARA SCIENCE LAB,PENTHARA SCIENCE LAB,INT.,A Matter of Time,AHHH,The Next Generation,209.txt
104,FEMALE,"   New Seattle is reporting a cloud   depth of twelve kilometers. Two   rivers, tropical rivers, are   beginning to freeze.",16   INT. PENTHARA SCIENCE LAB,PENTHARA SCIENCE LAB,INT.,A Matter of Time,AHHH,The Next Generation,209.txt
105,MOSELEY,   We better get started before   there's nothing left to mend.,16   INT. PENTHARA SCIENCE LAB,PENTHARA SCIENCE LAB,INT.,A Matter of Time,AHHH,The Next Generation,209.txt
106,RIKER,       Look who's here.,17   INT. TEN FORWARD,TEN FORWARD,INT.,A Matter of Time,AHHH,The Next Generation,209.txt
107,WORF,   I hate questionnaires.,17   INT. TEN FORWARD,TEN FORWARD,INT.,A Matter of Time,AHHH,The Next Generation,209.txt
108,BEVERLY,"    (with enthusiasm, she's     quite taken with     Rasmussen)   Professor, please come join us.",17   INT. TEN FORWARD,TEN FORWARD,INT.,A Matter of Time,AHHH,The Next Generation,209.txt
109,RASMUSSEN,   I hope I'm not intruding.,17   INT. TEN FORWARD,TEN FORWARD,INT.,A Matter of Time,AHHH,The Next Generation,209.txt
110,BEVERLY,   Not at all. You're probably the   topic of conversation at every   table in the room.,17   INT. TEN FORWARD,TEN FORWARD,INT.,A Matter of Time,AHHH,The Next Generation,209.txt
111,RASMUSSEN,"   As I promised, here are your   assignments. I'm sure they'll   be painless. Please try to   complete them by tomorrow.",17   INT. TEN FORWARD,TEN FORWARD,INT.,A Matter of Time,AHHH,The Next Generation,209.txt
112,WORF,       Tomorrow!,17   INT. TEN FORWARD,TEN FORWARD,INT.,A Matter of Time,AHHH,The Next Generation,209.txt
113,RIKER,"   No problem, Professor.",17   INT. TEN FORWARD,TEN FORWARD,INT.,A Matter of Time,AHHH,The Next Generation,209.txt
114,RASMUSSEN,       You're all very calm.,17   INT. TEN FORWARD,TEN FORWARD,INT.,A Matter of Time,AHHH,The Next Generation,209.txt
115,RIKER,       Do we have reason not to be?,17   INT. TEN FORWARD,TEN FORWARD,INT.,A Matter of Time,AHHH,The Next Generation,209.txt
116,RASMUSSEN,"   History always records where   people were, what they were doing,   when important events took place.   But it rarely remembers their   activities -- say, a week before...   or a day... or even an hour.",17   INT. TEN FORWARD,TEN FORWARD,INT.,A Matter of Time,AHHH,The Next Generation,209.txt
117,WORF,   Are you suggesting an important   event is imminent?,17   INT. TEN FORWARD,TEN FORWARD,INT.,A Matter of Time,AHHH,The Next Generation,209.txt
118,RASMUSSEN,"   I didn't say that, did I?   Please... go on doing what you   were doing, pretend I'm not here.",17   INT. TEN FORWARD,TEN FORWARD,INT.,A Matter of Time,AHHH,The Next Generation,209.txt
119,RIKER,"       How come there's no record of   other future historians traveling   back to witness ""important   events?""",17   INT. TEN FORWARD,TEN FORWARD,INT.,A Matter of Time,AHHH,The Next Generation,209.txt
120,RASMUSSEN,"   We're obviously very careful.   Matter of fact, a colleague and   I recently paid a call on a   twenty-second century vessel.",17   INT. TEN FORWARD,TEN FORWARD,INT.,A Matter of Time,AHHH,The Next Generation,209.txt
121,BEVERLY,       They hadn't even perfected   quarantine fields by then. You   must have seen surgical masks and   gloves.,17   INT. TEN FORWARD,TEN FORWARD,INT.,A Matter of Time,AHHH,The Next Generation,209.txt
122,RASMUSSEN,   Isn't it fascinating how everyone   has different interests when it   comes to history... different   perspectives on progress.,17   INT. TEN FORWARD,TEN FORWARD,INT.,A Matter of Time,AHHH,The Next Generation,209.txt
123,RIKER,   Mind if I ask what that is?,17   INT. TEN FORWARD,TEN FORWARD,INT.,A Matter of Time,AHHH,The Next Generation,209.txt
124,RASMUSSEN,   Just checking the time... No   problem.,17   INT. TEN FORWARD,TEN FORWARD,INT.,A Matter of Time,AHHH,The Next Generation,209.txt
125,RIKER,    (getting a bit     frustrated)   Is something supposed to be   happening here?,17   INT. TEN FORWARD,TEN FORWARD,INT.,A Matter of Time,AHHH,The Next Generation,209.txt
126,RASMUSSEN,"   No, no, nothing.       What about you, Commander? What   do you see as the most important   example of progress over the   last two hundred years?",17   INT. TEN FORWARD,TEN FORWARD,INT.,A Matter of Time,AHHH,The Next Generation,209.txt
127,RIKER,"       I suppose the warp coil. Before   we had warp drive, Humans were   confined to a single sector of   the galaxy.",17   INT. TEN FORWARD,TEN FORWARD,INT.,A Matter of Time,AHHH,The Next Generation,209.txt
128,RASMUSSEN,   Spoken like the consummate   explorer.,17   INT. TEN FORWARD,TEN FORWARD,INT.,A Matter of Time,AHHH,The Next Generation,209.txt
129,RIKER,   What's going on? You waiting for   someone?,17   INT. TEN FORWARD,TEN FORWARD,INT.,A Matter of Time,AHHH,The Next Generation,209.txt
130,WORF,       Phasers!,17   INT. TEN FORWARD,TEN FORWARD,INT.,A Matter of Time,AHHH,The Next Generation,209.txt
131,RIKER,   Where?!,17   INT. TEN FORWARD,TEN FORWARD,INT.,A Matter of Time,AHHH,The Next Generation,209.txt
132,RASMUSSEN,   Beg your pardon?,17   INT. TEN FORWARD,TEN FORWARD,INT.,A Matter of Time,AHHH,The Next Generation,209.txt
133,WORF,   There were no phasers in the 22nd   century.,17   INT. TEN FORWARD,TEN FORWARD,INT.,A Matter of Time,AHHH,The Next Generation,209.txt
134,RASMUSSEN,"   Ah, you see Doctor? Our Klingon   friend is a perfect example of   what I was trying to tell you.   He views history through the eyes   of a hunter, a warrior. His   passion lies in the perfection   of the tools of violence. How   delightfully primitive.",17   INT. TEN FORWARD,TEN FORWARD,INT.,A Matter of Time,AHHH,The Next Generation,209.txt
135,GEORDI,"   As soon as we input this   atmospheric data from Moseley,   the computer should tell us   how many holes we'll have to   punch.",18   INT. ENGINEERING (OPTICAL),ENGINEERING,INT.,A Matter of Time,AHHH,The Next Generation,209.txt
136,GEORDI,"       Ah, Data. Good.",18   INT. ENGINEERING (OPTICAL),ENGINEERING,INT.,A Matter of Time,AHHH,The Next Generation,209.txt
137,DATA,   What have you learned about the   tectonic stability around the   drilling sites?,18   INT. ENGINEERING (OPTICAL),ENGINEERING,INT.,A Matter of Time,AHHH,The Next Generation,209.txt
138,GEORDI,   Couldn't be better. Our scans   were all clear and Moseley says   there hasn't been so much as a   quiver in over a century.,18   INT. ENGINEERING (OPTICAL),ENGINEERING,INT.,A Matter of Time,AHHH,The Next Generation,209.txt
139,RASMUSSEN,"   Ah, just the two I'm looking for.   I've brought the forms I'd like   you to complete.",18   INT. ENGINEERING (OPTICAL),ENGINEERING,INT.,A Matter of Time,AHHH,The Next Generation,209.txt
140,RASMUSSEN,       It shouldn't take more than a   couple of hours.,18   INT. ENGINEERING (OPTICAL),ENGINEERING,INT.,A Matter of Time,AHHH,The Next Generation,209.txt
141,GEORDI,"   We're kind of busy here,   Professor. Tomorrow might be   better.    (to Data, as he points     to a monitor)   We've got about twenty-three   thousand thermal simulations.   You think you could check them   through for anomalies?",18   INT. ENGINEERING (OPTICAL),ENGINEERING,INT.,A Matter of Time,AHHH,The Next Generation,209.txt
142,DATA,   Certainly.,18   INT. ENGINEERING (OPTICAL),ENGINEERING,INT.,A Matter of Time,AHHH,The Next Generation,209.txt
143,RASMUSSEN,       Is that as fast as he can go?,18   INT. ENGINEERING (OPTICAL),ENGINEERING,INT.,A Matter of Time,AHHH,The Next Generation,209.txt
144,GEORDI,"   Not fast enough for you,   Professor?",18   INT. ENGINEERING (OPTICAL),ENGINEERING,INT.,A Matter of Time,AHHH,The Next Generation,209.txt
145,RASMUSSEN,   There's very little known about   Data's efficiency... almost   nothing about his part in this   mission. It's a topic of great   conjecture.,18   INT. ENGINEERING (OPTICAL),ENGINEERING,INT.,A Matter of Time,AHHH,The Next Generation,209.txt
146,DATA,       Two hundred nine anomalies all   within acceptable parameters.,18   INT. ENGINEERING (OPTICAL),ENGINEERING,INT.,A Matter of Time,AHHH,The Next Generation,209.txt
147,GEORDI,"   Thanks, Data.       You've come to witness this   mission... that's it, isn't it?",18   INT. ENGINEERING (OPTICAL),ENGINEERING,INT.,A Matter of Time,AHHH,The Next Generation,209.txt
148,RASMUSSEN,"       It would be best if you just   thought of me as a fly on the   wall, and went about your   business.",18   INT. ENGINEERING (OPTICAL),ENGINEERING,INT.,A Matter of Time,AHHH,The Next Generation,209.txt
149,DATA,"    (to Rasmussen, re:     the chip)   I will return the answered   questions to you as soon as   possible, sir.",18   INT. ENGINEERING (OPTICAL),ENGINEERING,INT.,A Matter of Time,AHHH,The Next Generation,209.txt
150,RASMUSSEN,"    (as if he were saying     ""Moses on the     Mountain"")   Data... at Penthara Four!",18   INT. ENGINEERING (OPTICAL),ENGINEERING,INT.,A Matter of Time,AHHH,The Next Generation,209.txt
151,GEORDI,   If you'll excuse me.,18   INT. ENGINEERING (OPTICAL),ENGINEERING,INT.,A Matter of Time,AHHH,The Next Generation,209.txt
152,RASMUSSEN,       Your prosthesis...       What do you call it?,18   INT. ENGINEERING (OPTICAL),ENGINEERING,INT.,A Matter of Time,AHHH,The Next Generation,209.txt
153,GEORDI,   A VISOR.,18   INT. ENGINEERING (OPTICAL),ENGINEERING,INT.,A Matter of Time,AHHH,The Next Generation,209.txt
154,RASMUSSEN,"   VISOR, right. I have a picture   of you in my office wearing that.   How do you like it?",18   INT. ENGINEERING (OPTICAL),ENGINEERING,INT.,A Matter of Time,AHHH,The Next Generation,209.txt
155,GEORDI,"    (""when's this guy gonna     shut up?"")   It allows me to see... I like it   fine.",18   INT. ENGINEERING (OPTICAL),ENGINEERING,INT.,A Matter of Time,AHHH,The Next Generation,209.txt
156,RASMUSSEN,"   You know, Homer was blind... and   Milton. Bach, Monet, Wonder...",18   INT. ENGINEERING (OPTICAL),ENGINEERING,INT.,A Matter of Time,AHHH,The Next Generation,209.txt
157,GEORDI,"    (walking into     engineering)   A fly on the wall, eh?",18   INT. ENGINEERING (OPTICAL),ENGINEERING,INT.,A Matter of Time,AHHH,The Next Generation,209.txt
158,RASMUSSEN,       A fly on the wall.,18   INT. ENGINEERING (OPTICAL),ENGINEERING,INT.,A Matter of Time,AHHH,The Next Generation,209.txt
159,DATA,   The computer has configured the   drilling pattern and specified   depths.,18   INT. ENGINEERING (OPTICAL),ENGINEERING,INT.,A Matter of Time,AHHH,The Next Generation,209.txt
160,GEORDI,"       Captain, we've got what we need.   I'm ready to transport to the   surface.",18   INT. ENGINEERING (OPTICAL),ENGINEERING,INT.,A Matter of Time,AHHH,The Next Generation,209.txt
161,PICARD,"   We'll notify Doctor Moseley. Good   luck, Geordi.",18   INT. ENGINEERING (OPTICAL),ENGINEERING,INT.,A Matter of Time,AHHH,The Next Generation,209.txt
162,GEORDI,       Gentlemen.,18   INT. ENGINEERING (OPTICAL),ENGINEERING,INT.,A Matter of Time,AHHH,The Next Generation,209.txt
163,RASMUSSEN,       Who said these moments were any   less exciting when you know the   outcome?,18   INT. ENGINEERING (OPTICAL),ENGINEERING,INT.,A Matter of Time,AHHH,The Next Generation,209.txt
164,DATA,"       I know of no one who said that,   Professor.",18   INT. ENGINEERING (OPTICAL),ENGINEERING,INT.,A Matter of Time,AHHH,The Next Generation,209.txt
165,GEORDI,"   The Enterprise will monitor the   CO2 concentrations at six   different altitudes. If all goes   well, it won't take more than   twenty bore sites.",20   INT. SCIENCE LAB,SCIENCE LAB,INT.,A Matter of Time,AHHH,The Next Generation,209.txt
166,MOSELEY,   Let's hope all goes well.,20   INT. SCIENCE LAB,SCIENCE LAB,INT.,A Matter of Time,AHHH,The Next Generation,209.txt
167,GEORDI,       La Forge to Commander Riker. How   are you doing?,20   INT. SCIENCE LAB,SCIENCE LAB,INT.,A Matter of Time,AHHH,The Next Generation,209.txt
168,RIKER,"   We're ready when you are, Geordi.",21   INT. MAIN BRIDGE,MAIN BRIDGE,INT.,A Matter of Time,AHHH,The Next Generation,209.txt
169,GEORDI,   All we need's an open channel   with Data.,21   INT. MAIN BRIDGE,MAIN BRIDGE,INT.,A Matter of Time,AHHH,The Next Generation,209.txt
170,RIKER,"   Open the channel, Mister Worf,   and prepare to fire at target one.",21   INT. MAIN BRIDGE,MAIN BRIDGE,INT.,A Matter of Time,AHHH,The Next Generation,209.txt
171,WORF,   The computer has locked in phaser   depth calculations.,21   INT. MAIN BRIDGE,MAIN BRIDGE,INT.,A Matter of Time,AHHH,The Next Generation,209.txt
172,RIKER,   Mister Data?,21   INT. MAIN BRIDGE,MAIN BRIDGE,INT.,A Matter of Time,AHHH,The Next Generation,209.txt
173,DATA,"   Ready, sir.",21   INT. MAIN BRIDGE,MAIN BRIDGE,INT.,A Matter of Time,AHHH,The Next Generation,209.txt
174,RIKER,   Fire.,21   INT. MAIN BRIDGE,MAIN BRIDGE,INT.,A Matter of Time,AHHH,The Next Generation,209.txt
175,DATA,"   Target one is emitting two   thousand cubic meters per second.   Target two, one thousand six   hundred.",24   INT. ENGINEERING,ENGINEERING,INT.,A Matter of Time,AHHH,The Next Generation,209.txt
176,MOSELEY,   Surface wind patterns over targets   are stable.,25   INT. SCIENCE LAB,SCIENCE LAB,INT.,A Matter of Time,AHHH,The Next Generation,209.txt
177,GEORDI,"   You picking up anything at   altitude, Data?",25   INT. SCIENCE LAB,SCIENCE LAB,INT.,A Matter of Time,AHHH,The Next Generation,209.txt
178,DATA,   CO2 concentrations remain   unchanged at upper elevations.,25   INT. SCIENCE LAB,SCIENCE LAB,INT.,A Matter of Time,AHHH,The Next Generation,209.txt
179,RASMUSSEN,   Have I missed much?,27   INT. MAIN BRIDGE,MAIN BRIDGE,INT.,A Matter of Time,AHHH,The Next Generation,209.txt
180,WORF,"   Target fourteen complete, sir.",27   INT. MAIN BRIDGE,MAIN BRIDGE,INT.,A Matter of Time,AHHH,The Next Generation,209.txt
181,RIKER,   Data?,27   INT. MAIN BRIDGE,MAIN BRIDGE,INT.,A Matter of Time,AHHH,The Next Generation,209.txt
182,DATA,"   No change, Commander.",27   INT. MAIN BRIDGE,MAIN BRIDGE,INT.,A Matter of Time,AHHH,The Next Generation,209.txt
183,RIKER,"   Winds, Geordi?",27   INT. MAIN BRIDGE,MAIN BRIDGE,INT.,A Matter of Time,AHHH,The Next Generation,209.txt
184,GEORDI,"   Holding steady, sir.",27   INT. MAIN BRIDGE,MAIN BRIDGE,INT.,A Matter of Time,AHHH,The Next Generation,209.txt
185,WORF,   The computer has stopped the   drilling.,27   INT. MAIN BRIDGE,MAIN BRIDGE,INT.,A Matter of Time,AHHH,The Next Generation,209.txt
186,RIKER,"   You should be getting something,   Data.",27   INT. MAIN BRIDGE,MAIN BRIDGE,INT.,A Matter of Time,AHHH,The Next Generation,209.txt
187,DATA,       Elevated CO2 levels at twenty   kilometers.,28   INT. ENGINEERING,ENGINEERING,INT.,A Matter of Time,AHHH,The Next Generation,209.txt
188,GEORDI,   Now you're talking. And we've   got some new temperatures coming in.,28   INT. ENGINEERING,ENGINEERING,INT.,A Matter of Time,AHHH,The Next Generation,209.txt
189,MOSELEY,    (excited; reading his     monitor)   All thermal monitoring stations   are reporting no further   temperature drops.,29   INT. SCIENCE LAB,SCIENCE LAB,INT.,A Matter of Time,AHHH,The Next Generation,209.txt
190,GEORDI,"       Correction, Doctor. Two   equatorial stations are showing   slight increases.",29   INT. SCIENCE LAB,SCIENCE LAB,INT.,A Matter of Time,AHHH,The Next Generation,209.txt
191,MOSELEY,   Thank you.       Thank you all. You've given us   what we need... time.,29   INT. SCIENCE LAB,SCIENCE LAB,INT.,A Matter of Time,AHHH,The Next Generation,209.txt
192,PICARD,"   Glad we could help, Doctor. The   Enterprise will remain in orbit   and continue to monitor your   progress. Picard out.",30   INT. MAIN BRIDGE,MAIN BRIDGE,INT.,A Matter of Time,AHHH,The Next Generation,209.txt
193,RASMUSSEN,"       ""You've given us what we need...   Time.""",30   INT. MAIN BRIDGE,MAIN BRIDGE,INT.,A Matter of Time,AHHH,The Next Generation,209.txt
194,PICARD,"   Mister Worf, return to a   synchronous orbit.",30   INT. MAIN BRIDGE,MAIN BRIDGE,INT.,A Matter of Time,AHHH,The Next Generation,209.txt
195,WORF,"   Aye, sir.",30   INT. MAIN BRIDGE,MAIN BRIDGE,INT.,A Matter of Time,AHHH,The Next Generation,209.txt
196,RASMUSSEN,"   Very clever, Picard. And, well   done. We've always known how you   did it, but to experience the   moment, to witness the nuances...   it's indescribable.",30   INT. MAIN BRIDGE,MAIN BRIDGE,INT.,A Matter of Time,AHHH,The Next Generation,209.txt
197,TROI,   He's after more than a history   lesson. I can tell you that.,31   INT. SICKBAY,SICKBAY,INT.,A Matter of Time,AHHH,The Next Generation,209.txt
198,BEVERLY,   What is it? What are you getting   from him?,31   INT. SICKBAY,SICKBAY,INT.,A Matter of Time,AHHH,The Next Generation,209.txt
199,TROI,   I don't know. But it's like he's   trying to confuse us... misdirect   us somehow.,31   INT. SICKBAY,SICKBAY,INT.,A Matter of Time,AHHH,The Next Generation,209.txt
200,RASMUSSEN,"   Well that certainly was exciting,   wasn't it?",31   INT. SICKBAY,SICKBAY,INT.,A Matter of Time,AHHH,The Next Generation,209.txt
201,BEVERLY,   Professor. Is everything alright?   Are you well?,31   INT. SICKBAY,SICKBAY,INT.,A Matter of Time,AHHH,The Next Generation,209.txt
202,RASMUSSEN,"   Couldn't be better, thank you.   I just thought we might chat about   your questionnaire.       Buck up, crewman, you're a credit   to that uniform.",31   INT. SICKBAY,SICKBAY,INT.,A Matter of Time,AHHH,The Next Generation,209.txt
203,TROI,   I've got some things to take care   of.,31   INT. SICKBAY,SICKBAY,INT.,A Matter of Time,AHHH,The Next Generation,209.txt
204,RASMUSSEN,"   No, please Counselor. I would   very much appreciate your   remaining.",31   INT. SICKBAY,SICKBAY,INT.,A Matter of Time,AHHH,The Next Generation,209.txt
205,RASMUSSEN,"   Doctor, in response to my sixth   question, you spoke of a neural   stimulator. May I see one?",31   INT. SICKBAY,SICKBAY,INT.,A Matter of Time,AHHH,The Next Generation,209.txt
206,BEVERLY,   I don't see why not.    (she finishes her     treatment)   Give me a minute.,31   INT. SICKBAY,SICKBAY,INT.,A Matter of Time,AHHH,The Next Generation,209.txt
207,RASMUSSEN,"       You don't like me very much, do   you?",31   INT. SICKBAY,SICKBAY,INT.,A Matter of Time,AHHH,The Next Generation,209.txt
208,TROI,"   I don't dislike you, Professor.",31   INT. SICKBAY,SICKBAY,INT.,A Matter of Time,AHHH,The Next Generation,209.txt
209,RASMUSSEN,"       Keep your eyes wide, soldier.   You'll be telling your   grandchildren how you were there   at Penthara Four.       But you don't trust me. You   should, you know.",31   INT. SICKBAY,SICKBAY,INT.,A Matter of Time,AHHH,The Next Generation,209.txt
210,TROI,   Should I?,31   INT. SICKBAY,SICKBAY,INT.,A Matter of Time,AHHH,The Next Generation,209.txt
211,RASMUSSEN,"   ""Picard's empath won't trust you.""   That's what they all said.",31   INT. SICKBAY,SICKBAY,INT.,A Matter of Time,AHHH,The Next Generation,209.txt
212,TROI,   Picard's empath?,31   INT. SICKBAY,SICKBAY,INT.,A Matter of Time,AHHH,The Next Generation,209.txt
213,RASMUSSEN,"   We're not that unalike, you and   I. You possess a sense that is   foreign to the others. My   knowledge of the future is   similar. You know, some of my   best friends are empaths... they   trust me.",31   INT. SICKBAY,SICKBAY,INT.,A Matter of Time,AHHH,The Next Generation,209.txt
214,TROI,   Why would you care whether I trust   you or not?,31   INT. SICKBAY,SICKBAY,INT.,A Matter of Time,AHHH,The Next Generation,209.txt
215,RASMUSSEN,   We're birds of a feather...   colleagues. We could learn a lot   from each other.,31   INT. SICKBAY,SICKBAY,INT.,A Matter of Time,AHHH,The Next Generation,209.txt
216,TROI,   You're right... I don't trust you.,31   INT. SICKBAY,SICKBAY,INT.,A Matter of Time,AHHH,The Next Generation,209.txt
217,RASMUSSEN,    (to Troi; a syrupy     smile)   I knew you'd say that.,31   INT. SICKBAY,SICKBAY,INT.,A Matter of Time,AHHH,The Next Generation,209.txt
218,TROI,       I'm sure you did.,31   INT. SICKBAY,SICKBAY,INT.,A Matter of Time,AHHH,The Next Generation,209.txt
219,BEVERLY,"    (handing the neural     simulator to Rasmussen)   Well, it's nice to see you two   are finally getting along.",31   INT. SICKBAY,SICKBAY,INT.,A Matter of Time,AHHH,The Next Generation,209.txt
220,TROI,    (holding back her     sarcasm)   I really must be going.,31   INT. SICKBAY,SICKBAY,INT.,A Matter of Time,AHHH,The Next Generation,209.txt
221,BEVERLY,   Why don't you try a Berylite scan?   I'd be interested to see where   his micro-levels are.,31   INT. SICKBAY,SICKBAY,INT.,A Matter of Time,AHHH,The Next Generation,209.txt
222,BEVERLY,   So... what else can I show you?,31   INT. SICKBAY,SICKBAY,INT.,A Matter of Time,AHHH,The Next Generation,209.txt
223,RASMUSSEN,   You're a very curious woman.,31   INT. SICKBAY,SICKBAY,INT.,A Matter of Time,AHHH,The Next Generation,209.txt
224,RASMUSSEN,"   No, no. I don't mean curious like   that. I mean you're curious...   curious about things. About   Berylite levels... about the   future.",31   INT. SICKBAY,SICKBAY,INT.,A Matter of Time,AHHH,The Next Generation,209.txt
225,BEVERLY,"       Curiosity is why most of us are   out here, professor.",31   INT. SICKBAY,SICKBAY,INT.,A Matter of Time,AHHH,The Next Generation,209.txt
226,RASMUSSEN,   I understand. But you're   different. More... vibrant.   More...,31   INT. SICKBAY,SICKBAY,INT.,A Matter of Time,AHHH,The Next Generation,209.txt
227,BEVERLY,"   More vibrant. That's nice, I like   that.",31   INT. SICKBAY,SICKBAY,INT.,A Matter of Time,AHHH,The Next Generation,209.txt
228,RASMUSSEN,"   You know, whenever I... travel   back, I meet very interesting   people... men and women. But   never anyone who gave me thoughts   about not going home.",31   INT. SICKBAY,SICKBAY,INT.,A Matter of Time,AHHH,The Next Generation,209.txt
229,BEVERLY,"   You're not supposed to be   influencing the past, remember?   And I'm beginning to feel a   little... influenced. Anyway,   I'm old enough to be your great,   great, great, great, grandmother!",31   INT. SICKBAY,SICKBAY,INT.,A Matter of Time,AHHH,The Next Generation,209.txt
230,PICARD,"   What kind of questions did he have   for you, Number One?",32   INT. MAIN BRIDGE,MAIN BRIDGE,INT.,A Matter of Time,AHHH,The Next Generation,209.txt
231,RIKER,"   All he wanted to know about was   previous starships. What I   thought was innovative on the   last Enterprise or the one before   that. He said he wanted to see   how well we ""grasped the   fundamentals.""",32   INT. MAIN BRIDGE,MAIN BRIDGE,INT.,A Matter of Time,AHHH,The Next Generation,209.txt
232,DATA,   His queries to me primarily   focused on Doctor Soong's...,32   INT. MAIN BRIDGE,MAIN BRIDGE,INT.,A Matter of Time,AHHH,The Next Generation,209.txt
233,WORF,"   Captain, I am detecting a massive   earthquake on the surface.",32   INT. MAIN BRIDGE,MAIN BRIDGE,INT.,A Matter of Time,AHHH,The Next Generation,209.txt
234,WORF,"       Two earthquakes, sir.",32   INT. MAIN BRIDGE,MAIN BRIDGE,INT.,A Matter of Time,AHHH,The Next Generation,209.txt
235,PICARD,   Location?,32   INT. MAIN BRIDGE,MAIN BRIDGE,INT.,A Matter of Time,AHHH,The Next Generation,209.txt
236,DATA,"   Both epicenters are beneath the   two southernmost drill sites,   Captain.",32   INT. MAIN BRIDGE,MAIN BRIDGE,INT.,A Matter of Time,AHHH,The Next Generation,209.txt
237,PICARD,   Is La Forge still down there?,32   INT. MAIN BRIDGE,MAIN BRIDGE,INT.,A Matter of Time,AHHH,The Next Generation,209.txt
238,WORF,"   Yes, sir.",32   INT. MAIN BRIDGE,MAIN BRIDGE,INT.,A Matter of Time,AHHH,The Next Generation,209.txt
239,PICARD,   Find him.,32   INT. MAIN BRIDGE,MAIN BRIDGE,INT.,A Matter of Time,AHHH,The Next Generation,209.txt
240,RIKER,   We've also got some volcanic   activity... pretty severe.,32   INT. MAIN BRIDGE,MAIN BRIDGE,INT.,A Matter of Time,AHHH,The Next Generation,209.txt
241,PICARD,   Magnify.,32   INT. MAIN BRIDGE,MAIN BRIDGE,INT.,A Matter of Time,AHHH,The Next Generation,209.txt
242,GEORDI,"   La Forge here, Captain. Moseley   and I are on our way back to his   lab.",32   INT. MAIN BRIDGE,MAIN BRIDGE,INT.,A Matter of Time,AHHH,The Next Generation,209.txt
243,PICARD,   Are you alright?,32   INT. MAIN BRIDGE,MAIN BRIDGE,INT.,A Matter of Time,AHHH,The Next Generation,209.txt
244,GEORDI,"   We're okay, but those were pretty   big, sir. If this was Earth, I'd   say around an eight or an eight   five on the Richter Scale. We're   starting to see some volcanic   plumes, Captain.",32   INT. MAIN BRIDGE,MAIN BRIDGE,INT.,A Matter of Time,AHHH,The Next Generation,209.txt
245,WORF,"   Two more eruptions, sir.",32   INT. MAIN BRIDGE,MAIN BRIDGE,INT.,A Matter of Time,AHHH,The Next Generation,209.txt
246,DATA,   It is most likely that we   overestimated the geologic   stability around the CO2 pockets.,32   INT. MAIN BRIDGE,MAIN BRIDGE,INT.,A Matter of Time,AHHH,The Next Generation,209.txt
247,GEORDI,"   We're in the lab, sir.",32   INT. MAIN BRIDGE,MAIN BRIDGE,INT.,A Matter of Time,AHHH,The Next Generation,209.txt
248,MOSELEY,"   We're fairly well quake-proofed   down here, Picard. It's the   volcanic dust I'm worried about.",32   INT. MAIN BRIDGE,MAIN BRIDGE,INT.,A Matter of Time,AHHH,The Next Generation,209.txt
249,PICARD,       What about the dust?,32   INT. MAIN BRIDGE,MAIN BRIDGE,INT.,A Matter of Time,AHHH,The Next Generation,209.txt
250,GEORDI,"   The ash the volcanos are throwing   into the atmosphere is going to   compound the existing problem.   In a matter of days, there'll be   no sunlight getting through those   clouds.",32   INT. MAIN BRIDGE,MAIN BRIDGE,INT.,A Matter of Time,AHHH,The Next Generation,209.txt
251,MOSELEY,   And no amount of CO2 is going to   help us then.,32   INT. MAIN BRIDGE,MAIN BRIDGE,INT.,A Matter of Time,AHHH,The Next Generation,209.txt
252,RIKER,"   Captain, look at this.",32   INT. MAIN BRIDGE,MAIN BRIDGE,INT.,A Matter of Time,AHHH,The Next Generation,209.txt
253,RIKER,"       These are the coordinates of the   eruptions, and these...",32   INT. MAIN BRIDGE,MAIN BRIDGE,INT.,A Matter of Time,AHHH,The Next Generation,209.txt
254,RIKER,       ... are the phaser drilling sites.,32   INT. MAIN BRIDGE,MAIN BRIDGE,INT.,A Matter of Time,AHHH,The Next Generation,209.txt
255,PICARD,   The mantle is collapsing where   the pressure was released.,32   INT. MAIN BRIDGE,MAIN BRIDGE,INT.,A Matter of Time,AHHH,The Next Generation,209.txt
256,GEORDI,"   Captain, Doctor Moseley and I have   a couple of ideas, but they're   going to take some time to sort   out.",32   INT. MAIN BRIDGE,MAIN BRIDGE,INT.,A Matter of Time,AHHH,The Next Generation,209.txt
257,PICARD,"   Sort them out, Commander.",32   INT. MAIN BRIDGE,MAIN BRIDGE,INT.,A Matter of Time,AHHH,The Next Generation,209.txt
258,GEORDI,"   Aye, sir.",32   INT. MAIN BRIDGE,MAIN BRIDGE,INT.,A Matter of Time,AHHH,The Next Generation,209.txt
259,RIKER,       We came here to help these people.,32   INT. MAIN BRIDGE,MAIN BRIDGE,INT.,A Matter of Time,AHHH,The Next Generation,209.txt
260,PICARD,   And look what we've done.,32   INT. MAIN BRIDGE,MAIN BRIDGE,INT.,A Matter of Time,AHHH,The Next Generation,209.txt
261,RASMUSSEN,       What in God's name is that?!,38   INT. DATA'S QUARTERS (OPTICAL),DATA'S QUARTERS,INT.,A Matter of Time,AHHH,The Next Generation,209.txt
262,DATA,"       Music, Professor.",38   INT. DATA'S QUARTERS (OPTICAL),DATA'S QUARTERS,INT.,A Matter of Time,AHHH,The Next Generation,209.txt
263,RASMUSSEN,       Music?,38   INT. DATA'S QUARTERS (OPTICAL),DATA'S QUARTERS,INT.,A Matter of Time,AHHH,The Next Generation,209.txt
264,DATA,"       Yes, sir. Mozart's ""Jupiter   symphony in G minor""; Bach's ""Third   Brandenberg Concerto""; Beethoven's   ""Symphony Number Nine, Second   Movement 'Molto Vivace'""; and ""La   Donna e Mobile"", from Verdi's   ""Rigoletto"".",38   INT. DATA'S QUARTERS (OPTICAL),DATA'S QUARTERS,INT.,A Matter of Time,AHHH,The Next Generation,209.txt
265,RASMUSSEN,       Could you thin it out a bit?,38   INT. DATA'S QUARTERS (OPTICAL),DATA'S QUARTERS,INT.,A Matter of Time,AHHH,The Next Generation,209.txt
266,DATA,"   Computer, eliminate Program One.",38   INT. DATA'S QUARTERS (OPTICAL),DATA'S QUARTERS,INT.,A Matter of Time,AHHH,The Next Generation,209.txt
267,DATA,"   Computer, eliminate Program Two.",38   INT. DATA'S QUARTERS (OPTICAL),DATA'S QUARTERS,INT.,A Matter of Time,AHHH,The Next Generation,209.txt
268,DATA,"   Computer, eliminate Program Three.",38   INT. DATA'S QUARTERS (OPTICAL),DATA'S QUARTERS,INT.,A Matter of Time,AHHH,The Next Generation,209.txt
269,DATA,"   Computer, half volume.",38   INT. DATA'S QUARTERS (OPTICAL),DATA'S QUARTERS,INT.,A Matter of Time,AHHH,The Next Generation,209.txt
270,RASMUSSEN,   How the hell can you listen to   four pieces of music at the same   time?,38   INT. DATA'S QUARTERS (OPTICAL),DATA'S QUARTERS,INT.,A Matter of Time,AHHH,The Next Generation,209.txt
271,DATA,"   Actually, I am capable of   distinguishing over one hundred   fifty simultaneous compositions.     ",38   INT. DATA'S QUARTERS (OPTICAL),DATA'S QUARTERS,INT.,A Matter of Time,AHHH,The Next Generation,209.txt
272,DATA ,"   But in order to analyze the   aesthetics, I try to limit myself   to ten or less.",38   INT. DATA'S QUARTERS (OPTICAL),DATA'S QUARTERS,INT.,A Matter of Time,AHHH,The Next Generation,209.txt
273,RASMUSSEN,       Only four today?,38   INT. DATA'S QUARTERS (OPTICAL),DATA'S QUARTERS,INT.,A Matter of Time,AHHH,The Next Generation,209.txt
274,DATA,   I am assisting Commander La Forge   in the analysis of an extremely   complex calculation. It demands   a great deal of my concentration.,38   INT. DATA'S QUARTERS (OPTICAL),DATA'S QUARTERS,INT.,A Matter of Time,AHHH,The Next Generation,209.txt
275,RASMUSSEN,"   I came to thank you for answering   my questions, though I probably   should have asked you to limit   yourself to fifty thousand words.",38   INT. DATA'S QUARTERS (OPTICAL),DATA'S QUARTERS,INT.,A Matter of Time,AHHH,The Next Generation,209.txt
276,DATA,   You did ask me to be thorough.,38   INT. DATA'S QUARTERS (OPTICAL),DATA'S QUARTERS,INT.,A Matter of Time,AHHH,The Next Generation,209.txt
277,RASMUSSEN,"   I realize it's hard to believe,   Data, but very few records of   Doctor Soong's work survived to   the twenty-sixth century. It   would be invaluable to myself and   other historians if you could   provide us with some schematics.",38   INT. DATA'S QUARTERS (OPTICAL),DATA'S QUARTERS,INT.,A Matter of Time,AHHH,The Next Generation,209.txt
278,DATA,"   Certainly, as soon as my work here   is completed.",38   INT. DATA'S QUARTERS (OPTICAL),DATA'S QUARTERS,INT.,A Matter of Time,AHHH,The Next Generation,209.txt
279,RASMUSSEN,   Just as long as it's before   oh-nine-hundred tomorrow. That's   when I'll be... heading back.,38   INT. DATA'S QUARTERS (OPTICAL),DATA'S QUARTERS,INT.,A Matter of Time,AHHH,The Next Generation,209.txt
280,WORF,   Bridge to Commander Data.,38   INT. DATA'S QUARTERS (OPTICAL),DATA'S QUARTERS,INT.,A Matter of Time,AHHH,The Next Generation,209.txt
281,DATA,"   Yes, Worf.",38   INT. DATA'S QUARTERS (OPTICAL),DATA'S QUARTERS,INT.,A Matter of Time,AHHH,The Next Generation,209.txt
282,WORF,"   Commander La Forge is hailing you   from the surface, sir.",38   INT. DATA'S QUARTERS (OPTICAL),DATA'S QUARTERS,INT.,A Matter of Time,AHHH,The Next Generation,209.txt
283,DATA,"   Patch it through, please.",38   INT. DATA'S QUARTERS (OPTICAL),DATA'S QUARTERS,INT.,A Matter of Time,AHHH,The Next Generation,209.txt
284,GEORDI,"   Have you rerun the phase reversal   figures, Data?",38   INT. DATA'S QUARTERS (OPTICAL),DATA'S QUARTERS,INT.,A Matter of Time,AHHH,The Next Generation,209.txt
285,DATA,"   There were no errors, Geordi.   The variance must be no more than   point zero six terawatts.",38   INT. DATA'S QUARTERS (OPTICAL),DATA'S QUARTERS,INT.,A Matter of Time,AHHH,The Next Generation,209.txt
286,GEORDI,   I don't see any other choice.   We'll keep running the numbers   down here. You better inform the   captain... of the good news and   the bad news. La Forge out.,38   INT. DATA'S QUARTERS (OPTICAL),DATA'S QUARTERS,INT.,A Matter of Time,AHHH,The Next Generation,209.txt
287,RASMUSSEN,       Which do you suppose he's going   to want to hear first?,38   INT. DATA'S QUARTERS (OPTICAL),DATA'S QUARTERS,INT.,A Matter of Time,AHHH,The Next Generation,209.txt
288,PICARD,   The good news.,39   INT. READY ROOM,READY ROOM,INT.,A Matter of Time,AHHH,The Next Generation,209.txt
289,DATA,"   The motion of the dust has created   a great deal of electrostatic   energy in the upper atmosphere.   With a modified phaser blast, we   could create a shock-front that   would encircle the planet and   ionize the particles.",39   INT. READY ROOM,READY ROOM,INT.,A Matter of Time,AHHH,The Next Generation,209.txt
290,PICARD,   That would be like striking a   spark in a room filled with gas.,39   INT. READY ROOM,READY ROOM,INT.,A Matter of Time,AHHH,The Next Generation,209.txt
291,DATA,"   With one exception, sir. The   particles would be converted   into a high-energy plasma which   our shields could absorb and   redirect harmlessly into space.",39   INT. READY ROOM,READY ROOM,INT.,A Matter of Time,AHHH,The Next Generation,209.txt
292,PICARD,   Turn the Enterprise into a   lightning rod.,39   INT. READY ROOM,READY ROOM,INT.,A Matter of Time,AHHH,The Next Generation,209.txt
293,DATA,"   Precisely, sir.",39   INT. READY ROOM,READY ROOM,INT.,A Matter of Time,AHHH,The Next Generation,209.txt
294,PICARD,"   And what about the bad news, Data?",39   INT. READY ROOM,READY ROOM,INT.,A Matter of Time,AHHH,The Next Generation,209.txt
295,DATA,"   If our phaser discharge is off   by as little as point-zero-six   terawatts, it would cause a   cascading exothermal inversion.",39   INT. READY ROOM,READY ROOM,INT.,A Matter of Time,AHHH,The Next Generation,209.txt
296,PICARD,   Meaning?,39   INT. READY ROOM,READY ROOM,INT.,A Matter of Time,AHHH,The Next Generation,209.txt
297,DATA,   We would completely burn off the   planet's atmosphere.,39   INT. READY ROOM,READY ROOM,INT.,A Matter of Time,AHHH,The Next Generation,209.txt
298,PICARD ,"   Captain's log, supplemental.   While Doctor Moseley takes La   Forge's plan to the leaders of   the colony, I find myself weighing   the potential consequences of a   more philosophical issue.",41   EXT. SPACE - THE ENTERPRISE (OPTICAL),SPACE - THE ENTERPRISE,EXT.,A Matter of Time,AHHH,The Next Generation,209.txt
299,PICARD,       Come.,42   INT. READY ROOM,READY ROOM,INT.,A Matter of Time,AHHH,The Next Generation,209.txt
300,PICARD,   I would imagine you know why I've   asked you here.,42   INT. READY ROOM,READY ROOM,INT.,A Matter of Time,AHHH,The Next Generation,209.txt
301,RASMUSSEN,   I have a fairly good idea.,42   INT. READY ROOM,READY ROOM,INT.,A Matter of Time,AHHH,The Next Generation,209.txt
302,PICARD,"   I'm faced with a dilemma. There's   a planet beneath us that is slowly   turning to ice. If we don't do   something about it, I'm told that   within weeks, thousands, perhaps   tens of thousands, will die.",42   INT. READY ROOM,READY ROOM,INT.,A Matter of Time,AHHH,The Next Generation,209.txt
303,RASMUSSEN,   That would be a shame.,42   INT. READY ROOM,READY ROOM,INT.,A Matter of Time,AHHH,The Next Generation,209.txt
304,PICARD,"       Yes, it would. It would be quite   a shame.",42   INT. READY ROOM,READY ROOM,INT.,A Matter of Time,AHHH,The Next Generation,209.txt
305,RASMUSSEN,   So what's your dilemma?,42   INT. READY ROOM,READY ROOM,INT.,A Matter of Time,AHHH,The Next Generation,209.txt
306,PICARD,"   Mister La Forge has a possible   solution. The margin of error   is extremely critical, but if it's   successful, there's no more   threat.",42   INT. READY ROOM,READY ROOM,INT.,A Matter of Time,AHHH,The Next Generation,209.txt
307,RASMUSSEN,   And if it's not successful?,42   INT. READY ROOM,READY ROOM,INT.,A Matter of Time,AHHH,The Next Generation,209.txt
308,PICARD,   Every living thing on the planet   will perish.,42   INT. READY ROOM,READY ROOM,INT.,A Matter of Time,AHHH,The Next Generation,209.txt
309,RASMUSSEN,   So... do nothing and thousands   will die. Do something and   millions could die. Tough choice.,42   INT. READY ROOM,READY ROOM,INT.,A Matter of Time,AHHH,The Next Generation,209.txt
310,PICARD,    (speaking hypothetically     -- he's not asking)   Not if you were to help me.,42   INT. READY ROOM,READY ROOM,INT.,A Matter of Time,AHHH,The Next Generation,209.txt
311,RASMUSSEN,   You're not suggesting I tell you   the outcome of your efforts?,42   INT. READY ROOM,READY ROOM,INT.,A Matter of Time,AHHH,The Next Generation,209.txt
312,PICARD,"   No, I'm not. Everything Starfleet   stands for, everything I've ever   believed in, tells me I can't   ask you that.       But at the same time, there are   twenty million lives down there,   and you know what happened to   them... what will happen to them.",42   INT. READY ROOM,READY ROOM,INT.,A Matter of Time,AHHH,The Next Generation,209.txt
313,RASMUSSEN,"   So, it seems you have another   dilemma. One that questions your   convictions.",42   INT. READY ROOM,READY ROOM,INT.,A Matter of Time,AHHH,The Next Generation,209.txt
314,PICARD,"   I have never been afraid to   reevaluate my convictions,   Professor. Right now, I have   twenty million reasons to do so.",42   INT. READY ROOM,READY ROOM,INT.,A Matter of Time,AHHH,The Next Generation,209.txt
315,RASMUSSEN,   And why did you ask to see me?,42   INT. READY ROOM,READY ROOM,INT.,A Matter of Time,AHHH,The Next Generation,209.txt
316,PICARD,"   Your presence potentially gives   me access to a kind of information   that was never available to me   before. An additional tool, a   new weapon in my armory... you,   Professor. If I'm going to   reexamine my beliefs, I must   take advantage of every possible   asset. It would be irresponsible   of me not to have you here.",42   INT. READY ROOM,READY ROOM,INT.,A Matter of Time,AHHH,The Next Generation,209.txt
317,RASMUSSEN,"   However you come to terms with   your beliefs, Captain, I must   tell you I'm quite comfortable    with mine.",42   INT. READY ROOM,READY ROOM,INT.,A Matter of Time,AHHH,The Next Generation,209.txt
318,PICARD,"   How can you be? How can you be   ""comfortable"" watching people die?",42   INT. READY ROOM,READY ROOM,INT.,A Matter of Time,AHHH,The Next Generation,209.txt
319,RASMUSSEN,"       Let me put it this way. If I were   to tell you that none of those   people died, you'd easily conclude   that you tried your ""solution""   and it succeeded. So, you'd   confidently try again. No harm   in that. But what if I were to   tell you they all died? What   then? Obviously, you'd decide not   to make the same mistake twice.   Now, what if one of those...",42   INT. READY ROOM,READY ROOM,INT.,A Matter of Time,AHHH,The Next Generation,209.txt
320,PICARD,"       I know, Professor, ""What if one   of those lives I save down there   is a child who grows up to be the   next Adolf Hitler or Khan Singh?""     ",42   INT. READY ROOM,READY ROOM,INT.,A Matter of Time,AHHH,The Next Generation,209.txt
321,PICARD ,"   First year philosophy students   have been asked that question ever   since the earliest wormholes were   discovered. But this is not a   class in temporal logic... It's   not hypothetical, it's real.   Can't you see that?",42   INT. READY ROOM,READY ROOM,INT.,A Matter of Time,AHHH,The Next Generation,209.txt
322,RASMUSSEN,"   I see it all too well. But you   must see that if I were to   influence you, everything in this   sector, in this quadrant of the   galaxy could change. History, my   history, would unfold in a way   other than it already has. Now   what possible incentive could   anyone offer me to allow that to   happen?",42   INT. READY ROOM,READY ROOM,INT.,A Matter of Time,AHHH,The Next Generation,209.txt
323,PICARD,"   I have two choices. Either way,   one version or another of history   will wend its way forward. The   history you know or another one.   Who's to say which is better?   All I know here, today, is that   one way, millions of lives could   be saved. Isn't that incentive   enough?",42   INT. READY ROOM,READY ROOM,INT.,A Matter of Time,AHHH,The Next Generation,209.txt
324,RASMUSSEN,"   Everyone dies, Captain. It's just   a question of when. All of those   people down there died years   before I was born. All of you   up here, as well. So you see,   I can't get quite as worked up   as you over the fate of some   colonists who, for me, have been   dead a long time.",42   INT. READY ROOM,READY ROOM,INT.,A Matter of Time,AHHH,The Next Generation,209.txt
325,PICARD,"   We have a Prime Directive,   Professor, which tells us we have   no right to interfere with the   natural evolution of alien worlds.     ",42   INT. READY ROOM,READY ROOM,INT.,A Matter of Time,AHHH,The Next Generation,209.txt
326,PICARD ,"   But even though I am sworn to   uphold it, I have disregarded that   directive on more than one   occasion... When I knew it was   the right thing to do. If you   are holding true to some   ""temporal"" equivalent of that   directive, isn't there a   possibility that this is an   occasion for you to make an   exception, to help me choose...   because it's the right thing to   do?",42   INT. READY ROOM,READY ROOM,INT.,A Matter of Time,AHHH,The Next Generation,209.txt
327,RASMUSSEN,   Are we just talking about a   choice? It sounds to me like   you're trying to manipulate the   future.,42   INT. READY ROOM,READY ROOM,INT.,A Matter of Time,AHHH,The Next Generation,209.txt
328,PICARD,"   Every choice we make allows us   to manipulate the future. Do I   ask Marie or Suzanne to the spring   dance? Do I take my holiday on   Tahiti or on Risa? A man's life,   his future, hinges on each of a   thousand choices. Living is   making choices.     ",42   INT. READY ROOM,READY ROOM,INT.,A Matter of Time,AHHH,The Next Generation,209.txt
329,PICARD ,"   Now you ask me to believe that   if I make a choice other than the   one found in your history books,   it could irreparably alter your   past! Well, perhaps I don't give   a damn about your past, Professor   Rasmussen. Because your past is   my future and as far as I'm   concerned, it hasn't been written   yet.",42   INT. READY ROOM,READY ROOM,INT.,A Matter of Time,AHHH,The Next Generation,209.txt
330,RIKER,"   Captain, the electrostatic   conditions are about as good as   they're going to get. If we're   going to try this, now's the time.",42   INT. READY ROOM,READY ROOM,INT.,A Matter of Time,AHHH,The Next Generation,209.txt
331,RASMUSSEN,"   Please don't ask me, Captain.   I can't help you. I'm sorry.",42   INT. READY ROOM,READY ROOM,INT.,A Matter of Time,AHHH,The Next Generation,209.txt
332,PICARD,"       How long will it take them to   program the phasers, Number One?",43   INT. MAIN BRIDGE,MAIN BRIDGE,INT.,A Matter of Time,AHHH,The Next Generation,209.txt
333,RIKER,    (seeing Picard means     business)   We just need to tie in Geordi's   atmospheric sensors.,43   INT. MAIN BRIDGE,MAIN BRIDGE,INT.,A Matter of Time,AHHH,The Next Generation,209.txt
334,RASMUSSEN,   So you've made your choice after   all... and without my help.,43   INT. MAIN BRIDGE,MAIN BRIDGE,INT.,A Matter of Time,AHHH,The Next Generation,209.txt
335,PICARD,"   Quite the contrary, Professor.   You've been quite helpful.",43   INT. MAIN BRIDGE,MAIN BRIDGE,INT.,A Matter of Time,AHHH,The Next Generation,209.txt
336,RASMUSSEN,   How's that?,43   INT. MAIN BRIDGE,MAIN BRIDGE,INT.,A Matter of Time,AHHH,The Next Generation,209.txt
337,PICARD,"   By your refusing to assist me,   I'm left with the same choice I   began with; to try or not to   try... to run the risk or to play   it safe. But your arguments have   reminded me how precious the right   to choose can be... that right   or wrong, the choice is mine.   And since I've never been much   for playing it safe... I choose   to try.",43   INT. MAIN BRIDGE,MAIN BRIDGE,INT.,A Matter of Time,AHHH,The Next Generation,209.txt
338,PICARD,"   Program the firing sequence,   Mister Data.",43   INT. MAIN BRIDGE,MAIN BRIDGE,INT.,A Matter of Time,AHHH,The Next Generation,209.txt
339,DATA,"   Aye, sir.",43   INT. MAIN BRIDGE,MAIN BRIDGE,INT.,A Matter of Time,AHHH,The Next Generation,209.txt
340,PICARD ,"   Captain's log, stardate 45335.0.   Doctor Moseley has met with the   colony leaders, who all agree   they are willing to take the   risk.",44   EXT. SPACE - THE ENTERPRISE (OPTICAL),SPACE - THE ENTERPRISE,EXT.,A Matter of Time,AHHH,The Next Generation,209.txt
341,WORF,"    (to Geordi on     viewscreen)   Warp power is being rerouted to   the main deflector dish,   Commander.",45   INT. MAIN BRIDGE,MAIN BRIDGE,INT.,A Matter of Time,AHHH,The Next Generation,209.txt
342,GEORDI,"   Keep the phasers on active surge   control, Worf. We're only going   to have one shot at this.",45   INT. MAIN BRIDGE,MAIN BRIDGE,INT.,A Matter of Time,AHHH,The Next Generation,209.txt
343,RASMUSSEN,"   Well, this is it!",45   INT. MAIN BRIDGE,MAIN BRIDGE,INT.,A Matter of Time,AHHH,The Next Generation,209.txt
344,RIKER,"       You have the sequence locked in,   Data?",45   INT. MAIN BRIDGE,MAIN BRIDGE,INT.,A Matter of Time,AHHH,The Next Generation,209.txt
345,DATA,"   Yes, sir. After an eight point   three second burst from the dish,   we will discharge all EPS taps   through the phasers.",45   INT. MAIN BRIDGE,MAIN BRIDGE,INT.,A Matter of Time,AHHH,The Next Generation,209.txt
346,PICARD,"   Geordi, it's time you return to   the ship.       Mister O'Brien, prepare to   transport...",45   INT. MAIN BRIDGE,MAIN BRIDGE,INT.,A Matter of Time,AHHH,The Next Generation,209.txt
347,GEORDI,"   Excuse me, sir, but I can be a   lot more help down here. We've   got to compensate for the density   variations right up to the last   second.",45   INT. MAIN BRIDGE,MAIN BRIDGE,INT.,A Matter of Time,AHHH,The Next Generation,209.txt
348,DATA,"   Doctor Moseley's computers can   accomplish the same task, sir.   But Commander La Forge would be   better able to anticipate   unexpected variances.",45   INT. MAIN BRIDGE,MAIN BRIDGE,INT.,A Matter of Time,AHHH,The Next Generation,209.txt
349,PICARD,"       Geordi, you know better than   anyone that there's no guarantee   this is going to work. And if   it fails...",45   INT. MAIN BRIDGE,MAIN BRIDGE,INT.,A Matter of Time,AHHH,The Next Generation,209.txt
350,GEORDI,"   There's no guarantee it's going   to fail, Captain. I'd like your   permission to remain on the   surface.",45   INT. MAIN BRIDGE,MAIN BRIDGE,INT.,A Matter of Time,AHHH,The Next Generation,209.txt
351,PICARD,   Permission granted.,45   INT. MAIN BRIDGE,MAIN BRIDGE,INT.,A Matter of Time,AHHH,The Next Generation,209.txt
352,RASMUSSEN,       La Forge remained below.,45   INT. MAIN BRIDGE,MAIN BRIDGE,INT.,A Matter of Time,AHHH,The Next Generation,209.txt
353,PICARD,"   Good luck, Commander.",45   INT. MAIN BRIDGE,MAIN BRIDGE,INT.,A Matter of Time,AHHH,The Next Generation,209.txt
354,GEORDI,"   Thank you, sir.",45   INT. MAIN BRIDGE,MAIN BRIDGE,INT.,A Matter of Time,AHHH,The Next Generation,209.txt
355,DATA,"   The deflector dish has been   reconfigured, Captain.",45   INT. MAIN BRIDGE,MAIN BRIDGE,INT.,A Matter of Time,AHHH,The Next Generation,209.txt
356,RIKER,"   Proceed, Mister Data.",45   INT. MAIN BRIDGE,MAIN BRIDGE,INT.,A Matter of Time,AHHH,The Next Generation,209.txt
357,DATA,   Stand by for auto-phaser interlock.   Activating deflector beam.,45   INT. MAIN BRIDGE,MAIN BRIDGE,INT.,A Matter of Time,AHHH,The Next Generation,209.txt
358,WORF,   EPS taps are on-line.       Phasers firing.,52   INT. MAIN BRIDGE,MAIN BRIDGE,INT.,A Matter of Time,AHHH,The Next Generation,209.txt
359,DATA,   Activating shield invertors...   now!,56   INT. MAIN BRIDGE,MAIN BRIDGE,INT.,A Matter of Time,AHHH,The Next Generation,209.txt
360,PICARD,       Mister La Forge?,58   INT. MAIN BRIDGE,MAIN BRIDGE,INT.,A Matter of Time,AHHH,The Next Generation,209.txt
361,GEORDI,"   La Forge here. Still breathing,   Captain.",58   INT. MAIN BRIDGE,MAIN BRIDGE,INT.,A Matter of Time,AHHH,The Next Generation,209.txt
362,MOSELEY,   Particulate levels are right where   they're supposed to be... and the   sun is shining!,58   INT. MAIN BRIDGE,MAIN BRIDGE,INT.,A Matter of Time,AHHH,The Next Generation,209.txt
363,GEORDI,"   You see, sir, I told you there   was nothing to worry about.",58   INT. MAIN BRIDGE,MAIN BRIDGE,INT.,A Matter of Time,AHHH,The Next Generation,209.txt
364,PICARD,"   Report back to the ship when   you're ready, Commander.       Doctor, we'll stay in orbit to   analyze the remaining volcanic   disturbances.       I think the best advice might be   to let them cool down on their   own.",58   INT. MAIN BRIDGE,MAIN BRIDGE,INT.,A Matter of Time,AHHH,The Next Generation,209.txt
365,MOSELEY,"   I'm getting in the habit of   thanking you, Picard.",58   INT. MAIN BRIDGE,MAIN BRIDGE,INT.,A Matter of Time,AHHH,The Next Generation,209.txt
366,RASMUSSEN,"   Well, I'd love to see more, but   it's nearly time for me to go.   I'm tickled pink to have had the   opportunity of witnessing this,   Picard.       And you did it all without any   help.",58   INT. MAIN BRIDGE,MAIN BRIDGE,INT.,A Matter of Time,AHHH,The Next Generation,209.txt
367,RASMUSSEN,"       I must run. I've got some packing   to do.       You know, you're taller in person.",58   INT. MAIN BRIDGE,MAIN BRIDGE,INT.,A Matter of Time,AHHH,The Next Generation,209.txt
368,RASMUSSEN,   Would you look at this. Who would   have suspected a teary farewell?,65   INT. SHUTTLEBAY (OPTICAL),SHUTTLEBAY,INT.,A Matter of Time,AHHH,The Next Generation,209.txt
369,PICARD,"   I'm afraid we're going to have   to take a look in your vessel,   Professor.",65   INT. SHUTTLEBAY (OPTICAL),SHUTTLEBAY,INT.,A Matter of Time,AHHH,The Next Generation,209.txt
370,RASMUSSEN,"    (they just don't get     it)   Curious till the end, eh, Captain?",65   INT. SHUTTLEBAY (OPTICAL),SHUTTLEBAY,INT.,A Matter of Time,AHHH,The Next Generation,209.txt
371,RASMUSSEN,"       You can't be serious, Picard.   We've been through this more than   once and I...",65   INT. SHUTTLEBAY (OPTICAL),SHUTTLEBAY,INT.,A Matter of Time,AHHH,The Next Generation,209.txt
372,PICARD,"   A number of objects have turned   up missing in the last few days.   If they are in your possession,   I would like them returned.",65   INT. SHUTTLEBAY (OPTICAL),SHUTTLEBAY,INT.,A Matter of Time,AHHH,The Next Generation,209.txt
373,RASMUSSEN,   I'm not here in search of relics.,65   INT. SHUTTLEBAY (OPTICAL),SHUTTLEBAY,INT.,A Matter of Time,AHHH,The Next Generation,209.txt
374,RASMUSSEN,       I'm sure they'll turn up.,65   INT. SHUTTLEBAY (OPTICAL),SHUTTLEBAY,INT.,A Matter of Time,AHHH,The Next Generation,209.txt
375,WORF,"   If you will not open the vessel,   I will... with explosives, if   necessary.",65   INT. SHUTTLEBAY (OPTICAL),SHUTTLEBAY,INT.,A Matter of Time,AHHH,The Next Generation,209.txt
376,RASMUSSEN,       I doubt you have the means.,65   INT. SHUTTLEBAY (OPTICAL),SHUTTLEBAY,INT.,A Matter of Time,AHHH,The Next Generation,209.txt
377,RIKER,"   If we don't get in that thing,   I guarantee you won't either.",65   INT. SHUTTLEBAY (OPTICAL),SHUTTLEBAY,INT.,A Matter of Time,AHHH,The Next Generation,209.txt
378,RASMUSSEN,"       Considering the sensitive nature   of my equipment, I think you'll   understand if I request that only   Mister Data be allowed to see it.",65   INT. SHUTTLEBAY (OPTICAL),SHUTTLEBAY,INT.,A Matter of Time,AHHH,The Next Generation,209.txt
379,RIKER,   Why Data?,65   INT. SHUTTLEBAY (OPTICAL),SHUTTLEBAY,INT.,A Matter of Time,AHHH,The Next Generation,209.txt
380,PICARD,"       Because if I order Data never to   divulge what he sees in there,   he won't.       With the exception of anything   that might belong to us.",65   INT. SHUTTLEBAY (OPTICAL),SHUTTLEBAY,INT.,A Matter of Time,AHHH,The Next Generation,209.txt
381,DATA,"   Understood, sir.",65   INT. SHUTTLEBAY (OPTICAL),SHUTTLEBAY,INT.,A Matter of Time,AHHH,The Next Generation,209.txt
382,RASMUSSEN,   Back in a minute.,65   INT. SHUTTLEBAY (OPTICAL),SHUTTLEBAY,INT.,A Matter of Time,AHHH,The Next Generation,209.txt
383,DATA,"   I do not believe any of these   items belong to you, Professor.",66   INT. VESSEL,VESSEL,INT.,A Matter of Time,AHHH,The Next Generation,209.txt
384,RASMUSSEN,   Nor does this!,66   INT. VESSEL,VESSEL,INT.,A Matter of Time,AHHH,The Next Generation,209.txt
385,RASMUSSEN,"       This phaser is set at the highest   stun setting. If I'm correct,   that is sufficient to immobilize   even you.",66   INT. VESSEL,VESSEL,INT.,A Matter of Time,AHHH,The Next Generation,209.txt
386,DATA,   Do you plan to put these objects   into a museum?,66   INT. VESSEL,VESSEL,INT.,A Matter of Time,AHHH,The Next Generation,209.txt
387,RASMUSSEN,"   They're far too valuable for that.   You see, in the century I come   from, they haven't even been   invented yet.",66   INT. VESSEL,VESSEL,INT.,A Matter of Time,AHHH,The Next Generation,209.txt
388,DATA,   But this vessel... ? And the   temporal distortion that coincided   with your arrival?,66   INT. VESSEL,VESSEL,INT.,A Matter of Time,AHHH,The Next Generation,209.txt
389,RASMUSSEN,"   Oh, this is a time-pod. And it   is from the twenty-sixth   century... at least that's what   the poor fellow said. You see,   he decided to travel back to the   twenty-second century... that's   my time, and he had the misfortune   of meeting me... His clothes   fit quite well, don't you think?       Took me weeks to figure out how   to work this thing.",66   INT. VESSEL,VESSEL,INT.,A Matter of Time,AHHH,The Next Generation,209.txt
390,DATA,   You are not an historian?,66   INT. VESSEL,VESSEL,INT.,A Matter of Time,AHHH,The Next Generation,209.txt
391,RASMUSSEN,"   More of an inventor. Up till a   few weeks ago, a dismally   unsuccessful one.",66   INT. VESSEL,VESSEL,INT.,A Matter of Time,AHHH,The Next Generation,209.txt
392,DATA,"   What are your intentions, now?",66   INT. VESSEL,VESSEL,INT.,A Matter of Time,AHHH,The Next Generation,209.txt
393,RASMUSSEN,"   Well, thanks to your captain, it   seems my intentions have changed   slightly.",66   INT. VESSEL,VESSEL,INT.,A Matter of Time,AHHH,The Next Generation,209.txt
394,RASMUSSEN,"       I was quite content with the   notion of returning with those   trinkets. I'd ""invent"" about one   a year. But now, look what   fortune has graced me with...       You will take a little longer to   figure out than a tricorder, but   it should be well worth the   effort.",66   INT. VESSEL,VESSEL,INT.,A Matter of Time,AHHH,The Next Generation,209.txt
395,RASMUSSEN,       If the auto-timer is programmed   the way I think it is...     ,66   INT. VESSEL,VESSEL,INT.,A Matter of Time,AHHH,The Next Generation,209.txt
396,RASMUSSEN ,   in about two minutes we'll be on   our way back to a place called   New Jersey... I'm afraid you   won't be awake for the ride.,66   INT. VESSEL,VESSEL,INT.,A Matter of Time,AHHH,The Next Generation,209.txt
397,DATA,   I assume your hand print will open   the door whether you are conscious   or not.,66   INT. VESSEL,VESSEL,INT.,A Matter of Time,AHHH,The Next Generation,209.txt
398,RASMUSSEN,       That weapon was working yesterday.,67   INT. SHUTTLEBAY - (OPTICAL),SHUTTLEBAY -,INT.,A Matter of Time,AHHH,The Next Generation,209.txt
399,DATA,"    (to Picard, handing him     the phaser)   You were correct to suspect him,   sir. But he is from the past,   not the future.",67   INT. SHUTTLEBAY - (OPTICAL),SHUTTLEBAY -,INT.,A Matter of Time,AHHH,The Next Generation,209.txt
400,PICARD,"    (mimicking Rasmussen     in Act Four)   Trying to make my history unfold   in a way other than it already   has, Professor?",67   INT. SHUTTLEBAY - (OPTICAL),SHUTTLEBAY -,INT.,A Matter of Time,AHHH,The Next Generation,209.txt
401,RASMUSSEN,"   This was all a misunderstanding,   Picard. Just let me back in there   and we'll forget the whole thing.",67   INT. SHUTTLEBAY - (OPTICAL),SHUTTLEBAY -,INT.,A Matter of Time,AHHH,The Next Generation,209.txt
402,PICARD,       Now what possible incentive could   anyone offer me to allow that?,67   INT. SHUTTLEBAY - (OPTICAL),SHUTTLEBAY -,INT.,A Matter of Time,AHHH,The Next Generation,209.txt
403,DATA,"       I believe you will find all the   missing items in the vessel, sir.",67   INT. SHUTTLEBAY - (OPTICAL),SHUTTLEBAY -,INT.,A Matter of Time,AHHH,The Next Generation,209.txt
404,RASMUSSEN,   Doctor...,67   INT. SHUTTLEBAY - (OPTICAL),SHUTTLEBAY -,INT.,A Matter of Time,AHHH,The Next Generation,209.txt
405,BEVERLY,       A very nice performance.,67   INT. SHUTTLEBAY - (OPTICAL),SHUTTLEBAY -,INT.,A Matter of Time,AHHH,The Next Generation,209.txt
406,RASMUSSEN,       Not all of it. Some of it was   real.,67   INT. SHUTTLEBAY - (OPTICAL),SHUTTLEBAY -,INT.,A Matter of Time,AHHH,The Next Generation,209.txt
407,RASMUSSEN,   Captain...,67   INT. SHUTTLEBAY - (OPTICAL),SHUTTLEBAY -,INT.,A Matter of Time,AHHH,The Next Generation,209.txt
408,DATA,"   He claims to be a twenty-second   century inventor, sir.",67   INT. SHUTTLEBAY - (OPTICAL),SHUTTLEBAY -,INT.,A Matter of Time,AHHH,The Next Generation,209.txt
409,PICARD,"    (it's all coming into     focus)   Well, it's too bad you weren't   a bit more inventive. If fewer   things had disappeared, we might   not have suspected you. As it   was, our only stumbling block was   your vessel. Our sensors couldn't   penetrate it.",67   INT. SHUTTLEBAY - (OPTICAL),SHUTTLEBAY -,INT.,A Matter of Time,AHHH,The Next Generation,209.txt
410,PICARD,"       But as soon as the door opened,   our computer was able to detect   and deactivate everything you'd   stolen...       ... including this.",67   INT. SHUTTLEBAY - (OPTICAL),SHUTTLEBAY -,INT.,A Matter of Time,AHHH,The Next Generation,209.txt
411,RASMUSSEN,"   I'd love to hear more, Picard,   but I really must get back in that   pod.",67   INT. SHUTTLEBAY - (OPTICAL),SHUTTLEBAY -,INT.,A Matter of Time,AHHH,The Next Generation,209.txt
412,RIKER,"   Take him to a detention cell,   Mister Worf. And notify Starfleet   that we'll be dropping him off   at Starbase Two-one-four.",67   INT. SHUTTLEBAY - (OPTICAL),SHUTTLEBAY -,INT.,A Matter of Time,AHHH,The Next Generation,209.txt
413,RASMUSSEN,       You can't do this... I've got   to get back... I don't belong   here.,67   INT. SHUTTLEBAY - (OPTICAL),SHUTTLEBAY -,INT.,A Matter of Time,AHHH,The Next Generation,209.txt
414,RASMUSSEN,   No!,67   INT. SHUTTLEBAY - (OPTICAL),SHUTTLEBAY -,INT.,A Matter of Time,AHHH,The Next Generation,209.txt
415,PICARD,   I'm sure there are more than a   few legitimate historians at   Starfleet who will be quite eager   to meet a Human from your era.,67   INT. SHUTTLEBAY - (OPTICAL),SHUTTLEBAY -,INT.,A Matter of Time,AHHH,The Next Generation,209.txt
416,PICARD,"       Oh, and Professor...",67   INT. SHUTTLEBAY - (OPTICAL),SHUTTLEBAY -,INT.,A Matter of Time,AHHH,The Next Generation,209.txt
417,PICARD,       Welcome to the twenty-fourth   century.,67   INT. SHUTTLEBAY - (OPTICAL),SHUTTLEBAY -,INT.,A Matter of Time,AHHH,The Next Generation,209.txt
